{
  "melioration_trap": {
    "optimum": {
      "x_opt": 0.4,
      "rate_opt": 0.48000000000000004
    },
    "matching_point": {
      "x_match": 0.8,
      "rate_match": 0.4
    },
    "rules": {
      "q_learning": {
        "reward_rate_tail": 0.4078333333333333,
        "x_tail": 0.7628257501941342,
        "frac_A_tail": 0.7613333333333333
      },
      "expected_sarsa": {
        "reward_rate_tail": 0.47225,
        "x_tail": 0.5149244752492093,
        "frac_A_tail": 0.51525
      },
      "melioration": {
        "reward_rate_tail": 0.29933333333333334,
        "x_tail": 0.9993142645809406,
        "frac_A_tail": 0.9993333333333333
      }
    }
  },
  "schedule_matching": {
    "conc_VI_VI": {
      "slope": 0.9729326611129739,
      "bias": 0.9995880245202989,
      "mean_exclusivity": 0.6958357142857142,
      "n_graded": 7,
      "log_r": [
        1.173413501750808,
        1.0395889482186487,
        0.07428563938346883,
        -0.6680536129622885,
        -1.09543263575073,
        1.0208345876254254,
        -1.0445450673978338
      ],
      "log_b": [
        1.152953652285774,
        1.0078541856768712,
        0.05761593317812121,
        -0.6583960884951741,
        -1.076863652634999,
        0.9923406673925955,
        -0.9918339014291602
      ]
    },
    "conc_VR_VR": {
      "slope": NaN,
      "bias": NaN,
      "mean_exclusivity": 0.9712357142857143,
      "n_graded": 0,
      "log_r": [
        NaN,
        NaN,
        NaN,
        NaN,
        NaN,
        NaN,
        NaN
      ],
      "log_b": [
        4.410776047959867,
        4.010596496307104,
        3.6292546949374582,
        3.4778182919992533,
        3.1346597525449607,
        3.8969348755446873,
        2.860326020664673
      ]
    },
    "conc_VI_VR": {
      "slope": 0.9659942362267094,
      "bias": 1.0200275692915588,
      "mean_exclusivity": 0.6862714285714286,
      "n_graded": 7,
      "log_r": [
        1.9569599852418982,
        -0.16687723436648103,
        -1.2000435261860463,
        -1.8752303598956597,
        -0.41394872208597977,
        -0.25254142229987475,
        -0.6444701321646287
      ],
      "log_b": [
        1.886010668317364,
        -0.11572899236593885,
        -1.1395662876767092,
        -1.8290624494946512,
        -0.3778315794983639,
        -0.21360853259555748,
        -0.579272537278144
      ]
    }
  },
  "extinction": {
    "CRF": {
      "acq_response_rate": 0.98,
      "responses_in_extinction": 199,
      "steps_to_extinction": 444
    },
    "VR5": {
      "acq_response_rate": 0.9733333333333334,
      "responses_in_extinction": 139,
      "steps_to_extinction": 380
    },
    "VI10": {
      "acq_response_rate": 0.9633333333333334,
      "responses_in_extinction": 80,
      "steps_to_extinction": 322
    }
  }
}